seed,accuracy,loss,images,inference_seconds,realization_seconds,total_physical_cells,singleton_state_cells,unique_raw_curves_used
10000,67.44,1.5279352661132812,10000,22.26800686866045,0.4713418781757355,14155776,0,31721
10001,65.97,1.5429879776000976,10000,22.628751255571842,0.1824672408401966,14155776,0,31722
10002,65.71,1.5688064361572265,10000,21.424113769084215,0.6584953926503658,14155776,0,31712
10003,65.49,1.5789098037719727,10000,21.673763435333967,0.4616522528231144,14155776,0,31695
10004,67.32,1.4795192825317383,10000,21.55723623931408,0.616399247199297,14155776,0,31733
10005,65.19,1.5779847198486328,10000,21.59991791844368,0.6198113076388836,14155776,0,31718
10006,66.64,1.5286258728027344,10000,21.602784000337124,0.21620163694024086,14155776,0,31741
10007,66.1,1.5370836303710937,10000,21.63464132323861,0.29918719828128815,14155776,0,31716
10008,64.94,1.5879357604980469,10000,21.555354554206133,0.08707363158464432,14155776,0,31715
10009,65.98,1.562417807006836,10000,21.570080544799566,0.14499065652489662,14155776,0,31695
10010,67.23,1.505467626953125,10000,21.56310920789838,0.08880060166120529,14155776,0,31703
10011,66.26,1.510132945251465,10000,21.56895535811782,0.1795676201581955,14155776,0,31718
10012,64.5,1.6425901794433593,10000,21.561753571033478,0.11176071688532829,14155776,0,31718
10013,67.38,1.5091579147338867,10000,21.57927642762661,0.18093790858983994,14155776,0,31704
10014,65.55,1.5643963027954102,10000,21.449574325233698,0.08226469159126282,14155776,0,31731
10015,64.93,1.6209625686645508,10000,21.521438978612423,0.19916418567299843,14155776,0,31704
10016,65.81,1.5579891845703124,10000,21.59067291766405,0.08038517087697983,14155776,0,31706
10017,66.14,1.5796565490722656,10000,21.551988530904055,0.22227764874696732,14155776,0,31698
10018,66.53,1.5295112838745117,10000,21.506530050188303,0.0761665478348732,14155776,0,31720
10019,66.69,1.5265329650878907,10000,21.690841481089592,0.07290148735046387,14155776,0,31717
10020,66.33,1.572963751220703,10000,21.424387574195862,0.1551545187830925,14155776,0,31710
10021,66.82,1.5295340911865234,10000,21.55217259004712,0.1334509663283825,14155776,0,31717
10022,66.66,1.5196774307250978,10000,21.54618688672781,0.14774735644459724,14155776,0,31709
10023,65.98,1.5570901794433594,10000,21.561646413058043,0.16802268475294113,14155776,0,31750
10024,65.65,1.5856832458496093,10000,21.490352112799883,0.13870124518871307,14155776,0,31716
10025,67.86,1.4599918472290039,10000,21.570141978561878,0.14601543545722961,14155776,0,31714
10026,65.67,1.5598524795532227,10000,21.39489698037505,0.1736673079431057,14155776,0,31722
10027,65.98,1.5596681243896484,10000,21.547297805547714,0.20660801976919174,14155776,0,31709
10028,66.07,1.5428402069091798,10000,21.57933521643281,0.1750868298113346,14155776,0,31714
10029,65.98,1.578998341369629,10000,21.545719131827354,0.13845673203468323,14155776,0,31737
10030,68.25,1.4406752716064453,10000,21.507715608924627,0.19399196282029152,14155776,0,31708
10031,65.95,1.5282634521484375,10000,21.58370577543974,0.13469604030251503,14155776,0,31701
10032,65.45,1.5804998168945312,10000,21.537821155041456,0.16517839580774307,14155776,0,31722
10033,64.59,1.5922924575805664,10000,21.532405447214842,0.18928496539592743,14155776,0,31715
10034,64.65,1.5945845748901366,10000,21.4569727294147,0.141080129891634,14155776,0,31683
10035,66.86,1.4970098251342774,10000,21.56546526402235,0.20084837451577187,14155776,0,31705
10036,65.13,1.6427667083740234,10000,21.49678935483098,0.1466904878616333,14155776,0,31723
10037,65.5,1.576432258605957,10000,21.565278358757496,0.13846087455749512,14155776,0,31698
10038,65.92,1.5994471450805665,10000,21.388491049408913,0.176007192581892,14155776,0,31722
10039,65.8,1.5665438491821289,10000,21.552703268826008,0.19497322291135788,14155776,0,31709
10040,68.17,1.4739326065063476,10000,21.50984936580062,0.1891968622803688,14155776,0,31715
10041,65.51,1.5740497650146483,10000,21.542061768472195,0.13495216518640518,14155776,0,31725
10042,66.38,1.5051946426391603,10000,21.505292285233736,0.1555674858391285,14155776,0,31707
10043,64.78,1.6127160568237304,10000,21.53013278543949,0.18866006284952164,14155776,0,31713
10044,67.64,1.5024575790405272,10000,21.489035543054342,0.17374978587031364,14155776,0,31732
10045,66.81,1.540682894897461,10000,21.549184661358595,0.1485203094780445,14155776,0,31712
10046,66.01,1.570245671081543,10000,21.492216613143682,0.18492265418171883,14155776,0,31722
10047,66.17,1.5328405044555664,10000,21.559488464146852,0.1395651288330555,14155776,0,31715
10048,66.32,1.5340603057861328,10000,21.47661715745926,0.18141573294997215,14155776,0,31688
10049,64.24,1.630975537109375,10000,21.52943693846464,0.12249824032187462,14155776,0,31722
10050,62.84,1.7258229461669923,10000,21.379590719938278,0.19922372326254845,14155776,0,31709
10051,64.81,1.6187428268432618,10000,21.536199685186148,0.12848308309912682,14155776,0,31738
10052,65.98,1.4839256713867188,10000,21.516879092901945,0.1940615475177765,14155776,0,31706
10053,67.36,1.5011800277709961,10000,21.620032723993063,0.06404303759336472,14155776,0,31737
10054,65.36,1.5946872329711914,10000,21.49253510311246,0.15360620617866516,14155776,0,31727
10055,66.52,1.5234865844726562,10000,21.56358615309,0.13720791414380074,14155776,0,31710
10056,67.56,1.4829294326782227,10000,21.474905502051115,0.18810636177659035,14155776,0,31701
10057,66.36,1.5457164672851562,10000,21.59457316994667,0.1335403397679329,14155776,0,31747
10058,65.03,1.6202989486694337,10000,21.512611158192158,0.2947242930531502,14155776,0,31703
10059,67.06,1.5067500717163087,10000,21.638697009533644,0.08167116716504097,14155776,0,31715
10060,65.52,1.5921282287597656,10000,21.42158580943942,0.16317233815789223,14155776,0,31699
10061,67.04,1.4652680755615235,10000,21.57723043859005,0.13630100339651108,14155776,0,31713
10062,66.27,1.529527293395996,10000,21.4245545566082,0.1449941024184227,14155776,0,31717
10063,67.44,1.4716576248168944,10000,21.526895597577095,0.17562195658683777,14155776,0,31723
10064,65.75,1.5334666275024413,10000,21.52602243795991,0.1638808436691761,14155776,0,31726
10065,64.19,1.6359594436645508,10000,21.564944345504045,0.1497487537562847,14155776,0,31719
10066,66.72,1.5183281051635742,10000,21.46908811852336,0.1281285136938095,14155776,0,31717
10067,66.55,1.5264862899780274,10000,21.594367310404778,0.13662772253155708,14155776,0,31728
10068,67.0,1.4793728759765625,10000,21.41132739186287,0.1268705241382122,14155776,0,31720
10069,65.0,1.6274892425537109,10000,21.560785938054323,0.15738819539546967,14155776,0,31730
10070,65.21,1.5869718490600586,10000,21.49541736394167,0.06739779934287071,14155776,0,31748
10071,67.4,1.4881244842529298,10000,21.563242588192225,0.1354975588619709,14155776,0,31713
10072,65.31,1.6094333236694336,10000,21.58059574663639,0.0733640044927597,14155776,0,31692
10073,66.92,1.4801153732299805,10000,21.56685746461153,0.19462565332651138,14155776,0,31731
10074,65.13,1.6077212127685547,10000,21.589876767247915,0.09691096469759941,14155776,0,31725
10075,65.41,1.5625029724121093,10000,21.542881030589342,0.13378336653113365,14155776,0,31707
10076,67.78,1.471110125732422,10000,21.577317614108324,0.08449698612093925,14155776,0,31716
10077,66.38,1.5571664642333984,10000,21.546888168901205,0.1323525346815586,14155776,0,31710
10078,67.52,1.4454718322753906,10000,21.510646298527718,0.16765247657895088,14155776,0,31731
10079,67.29,1.4476147674560547,10000,21.56271058693528,0.13645081222057343,14155776,0,31723
10080,67.85,1.4658225814819337,10000,21.528277929872274,0.16842595115303993,14155776,0,31707
10081,66.54,1.5169008178710937,10000,21.560196984559298,0.1964038386940956,14155776,0,31710
10082,65.36,1.6015479370117187,10000,21.505203060805798,0.13220910355448723,14155776,0,31701
10083,67.24,1.5368007736206055,10000,21.621340300887823,0.1283607929944992,14155776,0,31727
10084,65.97,1.5423106887817384,10000,21.467599257826805,0.17268932983279228,14155776,0,31717
10085,64.7,1.5738370178222656,10000,21.607623048126698,0.07096249610185623,14155776,0,31704
10086,66.69,1.4883402908325196,10000,21.556076165288687,0.13431500270962715,14155776,0,31699
10087,67.52,1.4967599411010741,10000,21.57075498998165,0.1447148732841015,14155776,0,31705
10088,61.89,1.786502244567871,10000,21.498278241604567,0.19589966163039207,14155776,0,31731
10089,66.38,1.540576806640625,10000,21.581550132483244,0.13712502270936966,14155776,0,31715
10090,67.54,1.4741298141479493,10000,21.532284144312143,0.18128827586770058,14155776,0,31721
10091,65.54,1.582109312438965,10000,21.56007121875882,0.1685425341129303,14155776,0,31725
10092,66.19,1.5345971313476563,10000,21.528928861021996,0.14228107035160065,14155776,0,31702
10093,67.92,1.4665727447509767,10000,21.547158781439066,0.12713629007339478,14155776,0,31749
10094,67.0,1.5270163436889648,10000,21.518578946590424,0.1548459678888321,14155776,0,31733
10095,60.84,1.8066187911987304,10000,21.505403392016888,0.12440412119030952,14155776,0,31719
10096,64.31,1.6134759170532227,10000,21.50055306777358,0.15173880383372307,14155776,0,31713
10097,65.71,1.5847447967529298,10000,21.5646644346416,0.16215906292200089,14155776,0,31716
10098,65.76,1.5561711013793946,10000,21.617090810090303,0.0821850560605526,14155776,0,31702
10099,65.04,1.567864764404297,10000,21.539757411926985,0.12932856380939484,14155776,0,31697
10100,66.69,1.5389597442626952,10000,21.59044085070491,0.15003562346100807,14155776,0,31715
10101,65.37,1.5724822265625,10000,21.598392333835363,0.31497707962989807,14155776,0,31716
10102,66.93,1.5106311386108398,10000,21.528211034834385,0.1769290268421173,14155776,0,31713
10103,64.91,1.593377310180664,10000,21.54502734914422,0.18010817095637321,14155776,0,31714
10104,65.84,1.5976915542602539,10000,21.50624443590641,0.14256912097334862,14155776,0,31725
10105,67.71,1.4665566192626953,10000,21.58647207915783,0.14054157584905624,14155776,0,31713
10106,65.11,1.5970420059204102,10000,21.54106856137514,0.16632569953799248,14155776,0,31712
10107,66.07,1.5394543121337891,10000,21.53208263218403,0.19467363506555557,14155776,0,31708
10108,65.14,1.559655438232422,10000,21.555024810135365,0.13393612205982208,14155776,0,31712
10109,66.31,1.5398213150024413,10000,21.647296767681837,0.14767443761229515,14155776,0,31725
10110,64.97,1.5828600341796875,10000,21.500891845673323,0.12494271248579025,14155776,0,31705
10111,66.06,1.5765542541503905,10000,21.578260648995638,0.1299796998500824,14155776,0,31720
10112,66.25,1.5251780151367187,10000,21.5791627317667,0.09164124354720116,14155776,0,31732
10113,67.72,1.4839558898925782,10000,21.551573574543,0.18711046501994133,14155776,0,31701
10114,67.45,1.4990448013305664,10000,21.543073792010546,0.18744030222296715,14155776,0,31692
10115,66.56,1.5366843322753907,10000,21.548829413950443,0.13911481574177742,14155776,0,31710
10116,67.29,1.4936233322143555,10000,21.542012441903353,0.14179376140236855,14155776,0,31719
10117,67.52,1.4833640197753906,10000,21.563206382095814,0.12461620196700096,14155776,0,31690
10118,66.85,1.522371990966797,10000,21.569641634821892,0.13552386686205864,14155776,0,31722
10119,66.66,1.4862292617797852,10000,21.566610101610422,0.19487010687589645,14155776,0,31715
10120,66.69,1.5060819885253907,10000,21.518503416329622,0.17645971849560738,14155776,0,31722
10121,67.95,1.4549481399536133,10000,21.46292072162032,0.130491741001606,14155776,0,31721
10122,66.36,1.5454497192382812,10000,21.425453387200832,0.16907141357660294,14155776,0,31723
10123,65.68,1.5397964294433595,10000,21.44580117240548,0.19467442110180855,14155776,0,31706
10124,66.57,1.5457936157226562,10000,21.50020059943199,0.13823391869664192,14155776,0,31708
10125,65.66,1.5699014511108398,10000,21.467589806765318,0.1418076455593109,14155776,0,31692
10126,66.76,1.5262051345825196,10000,21.5217895694077,0.17412082478404045,14155776,0,31724
10127,66.38,1.5375175415039062,10000,21.609885971993208,0.19900614395737648,14155776,0,31707
10128,66.9,1.4933353256225586,10000,21.597911786288023,0.15845955163240433,14155776,0,31717
10129,66.24,1.5095179077148437,10000,21.502528429031372,0.161674115806818,14155776,0,31728
10130,66.17,1.5120390899658203,10000,21.53663258999586,0.16502590477466583,14155776,0,31697
10131,66.77,1.4962100128173828,10000,21.49274143576622,0.17567941173911095,14155776,0,31711
10132,65.94,1.5500882720947267,10000,21.5145303606987,0.15081022307276726,14155776,0,31707
10133,66.65,1.491807893371582,10000,21.585324242711067,0.17245647683739662,14155776,0,31713
10134,67.5,1.524523553466797,10000,21.592379815876484,0.1440596505999565,14155776,0,31714
10135,64.98,1.5702760650634766,10000,21.56119340285659,0.1893307827413082,14155776,0,31696
10136,67.82,1.45322548828125,10000,21.45643274486065,0.18194088712334633,14155776,0,31735
10137,66.47,1.5297713333129883,10000,21.608072597533464,0.12941282615065575,14155776,0,31693
10138,65.68,1.5867114227294923,10000,21.51909066736698,0.13749735802412033,14155776,0,31690
10139,67.35,1.485974494934082,10000,21.590986985713243,0.1532052531838417,14155776,0,31692
10140,65.02,1.6422959350585937,10000,21.515731871128082,0.14941254630684853,14155776,0,31722
10141,66.11,1.526723114013672,10000,21.54975862056017,0.18593180179595947,14155776,0,31698
10142,66.76,1.509871600341797,10000,21.51271889731288,0.15042583644390106,14155776,0,31724
10143,66.54,1.540172491455078,10000,21.539552450180054,0.13501258566975594,14155776,0,31710
10144,66.65,1.5082989120483399,10000,21.508206617087126,0.15783343464136124,14155776,0,31735
10145,65.48,1.5846513854980468,10000,21.533932331949472,0.2032538652420044,14155776,0,31720
10146,66.59,1.5274566802978515,10000,21.518201243132353,0.1673133186995983,14155776,0,31698
10147,66.93,1.5144432922363282,10000,21.605803161859512,0.13843442127108574,14155776,0,31740
10148,66.78,1.5165261779785155,10000,21.525316428393126,0.1608288250863552,14155776,0,31721
10149,67.62,1.4955792999267579,10000,21.628820274025202,0.09741049259901047,14155776,0,31704
10150,66.98,1.4998952774047851,10000,21.59426247701049,0.06758870556950569,14155776,0,31742
10151,65.29,1.586252976989746,10000,21.55042127519846,0.13947419077157974,14155776,0,31714
10152,62.99,1.6587637619018554,10000,21.401861865073442,0.1658264771103859,14155776,0,31700
10153,65.8,1.5574118972778321,10000,21.603973917663097,0.1332581490278244,14155776,0,31705
10154,66.48,1.520010107421875,10000,21.5947082079947,0.28137803450226784,14155776,0,31711
10155,66.34,1.50791104888916,10000,21.680004492402077,0.1779128983616829,14155776,0,31715
10156,65.85,1.5690170440673827,10000,21.522571347653866,0.17209313809871674,14155776,0,31711
10157,66.13,1.5287084075927735,10000,21.471833873540163,0.1616130881011486,14155776,0,31740
10158,66.46,1.5398130218505859,10000,21.447697553783655,0.22427139803767204,14155776,0,31705
10159,64.98,1.5843492568969726,10000,21.58434483781457,0.2003854401409626,14155776,0,31731
10160,63.79,1.6352612030029297,10000,21.50952871143818,0.21160927042365074,14155776,0,31726
10161,65.43,1.6238605834960937,10000,21.61011430621147,0.20168542116880417,14155776,0,31719
10162,66.63,1.495136572265625,10000,21.508862301707268,0.16386985778808594,14155776,0,31698
10163,66.95,1.4880058563232421,10000,21.587807901203632,0.1569110043346882,14155776,0,31713
10164,66.0,1.5871760818481446,10000,21.553881097584963,0.1504981964826584,14155776,0,31719
10165,64.73,1.6462830642700195,10000,21.53693215176463,0.18541667982935905,14155776,0,31720
10166,66.53,1.5200228546142578,10000,21.52385278046131,0.1322338618338108,14155776,0,31727
10167,64.96,1.6094330688476564,10000,21.577028211206198,0.13697680458426476,14155776,0,31715
10168,63.71,1.6511936462402343,10000,21.551935128867626,0.12652138993144035,14155776,0,31723
10169,67.01,1.5528145385742187,10000,21.647209245711565,0.12138361856341362,14155776,0,31719
10170,67.18,1.4792785995483397,10000,21.517479948699474,0.12642212584614754,14155776,0,31727
10171,66.85,1.5335568130493165,10000,21.576233260333538,0.1937876082956791,14155776,0,31717
10172,66.06,1.5964412094116212,10000,21.499205507338047,0.15898718312382698,14155776,0,31710
10173,66.65,1.5237230682373046,10000,21.575249064713717,0.1940721534192562,14155776,0,31708
10174,66.75,1.5172060089111328,10000,21.527854043990374,0.1654045544564724,14155776,0,31737
10175,66.32,1.5172711227416993,10000,21.564266745001078,0.19837602600455284,14155776,0,31711
10176,67.09,1.457451968383789,10000,21.568075612187386,0.0682135559618473,14155776,0,31722
10177,66.13,1.5351697860717775,10000,21.52856457233429,0.2073071338236332,14155776,0,31709
10178,66.94,1.5076476608276368,10000,21.488578613847494,0.10277038812637329,14155776,0,31712
10179,67.23,1.4862323059082032,10000,21.619799859821796,0.15183717757463455,14155776,0,31706
10180,67.1,1.5067171951293945,10000,21.585951752960682,0.08853332698345184,14155776,0,31724
10181,62.47,1.7260904266357422,10000,21.532270278781652,0.14891812950372696,14155776,0,31726
10182,66.44,1.4914917098999023,10000,21.557025119662285,0.08931565657258034,14155776,0,31703
10183,65.89,1.6069897506713868,10000,21.55357687920332,0.1526513770222664,14155776,0,31711
10184,64.46,1.6137897613525392,10000,21.590869430452585,0.1186600811779499,14155776,0,31698
10185,65.92,1.5181444946289062,10000,21.534675415605307,0.21423614770174026,14155776,0,31726
10186,67.69,1.5088264938354492,10000,21.619107197970152,0.08241241052746773,14155776,0,31714
10187,66.89,1.509530386352539,10000,21.607332464307547,0.05848633125424385,14155776,0,31716
10188,66.62,1.553924382019043,10000,21.601948849856853,0.056926313787698746,14155776,0,31734
10189,64.5,1.6447377868652344,10000,21.59506342932582,0.06548645719885826,14155776,0,31721
10190,65.98,1.5587443725585937,10000,21.534741573035717,0.14976827055215836,14155776,0,31733
10191,66.34,1.5690234298706054,10000,21.627959232777357,0.07942420244216919,14155776,0,31722
10192,65.17,1.5477703491210937,10000,21.596863586455584,0.15016968548297882,14155776,0,31708
10193,66.1,1.5306393661499023,10000,21.610455110669136,0.31752926856279373,14155776,0,31685
10194,66.24,1.541323518371582,10000,21.503803309053183,0.16591038182377815,14155776,0,31708
10195,65.01,1.6324382537841797,10000,21.545692943036556,0.17305567488074303,14155776,0,31709
10196,64.69,1.5940952651977538,10000,21.613391395658255,0.07395206391811371,14155776,0,31705
10197,64.88,1.5820061798095704,10000,21.568205032497644,0.1979011744260788,14155776,0,31705
10198,66.39,1.5299117355346679,10000,21.56808642297983,0.12899675965309143,14155776,0,31711
10199,64.76,1.5731308151245118,10000,21.535432785749435,0.20385700836777687,14155776,0,31717
